Cell #,Total mRNA per Cell,Total Colocolized With Organelle Near,Total Colocolized With Organelle Far,Total Not Colocolized with Organelle,Organelle Signal Coverage Of Cell List,mRNAs z coords,mRNAs intensities,mRNAs status,nER Colocalization Ratio,cER Colocalization Ratio,Not Colocalized Ratio,Total Colocolized Ratio,Average Organelle Coverage
23,9,0,7,2,"[40.72937, 42.34165, 45.71977, 50.13436, 49.71209, 52.5144, 52.74472, 52.13052, 52.28407, 51.90019, 53.66603, 47.25528, 41.07486, 37.1977, 32.89827, 23.49328, 18.34933]","[2, 2, 2, 3, 3, 3, 4, 4, 4]","[200.7019, 197.6367, 203.9662, 188.6779, 185.3398, 339.2368, 197.9341, 183.2457, 191.24]","['organelle_far', 'organelle_far', 'organelle_far', 'nc', 'organelle_far', 'organelle_far', 'organelle_far', 'organelle_far', 'nc']",0.0,0.7777777777777778,0.2222222222222222,0.7777777777777778,43.77328764705882
27,3,0,1,2,"[6.47139, 16.96185, 31.06267, 35.9673, 35.9673, 34.87738, 32.49319, 29.90463, 29.22343, 27.17984, 25.47684, 24.45504, 16.34877, 11.23978, 5.44959, 2.58856, 2.7248]","[3, 3, 5]","[182.2821, 174.4066, 173.9342]","['nc', 'nc', 'organelle_far']",0.0,0.3333333333333333,0.6666666666666666,0.33333333333333337,24.205266666666663
44,15,0,13,2,"[15.50173, 22.94118, 35.81315, 38.99654, 35.67474, 38.4083, 45.67474, 51.90311, 50.76125, 45.67474, 38.06228, 32.76817, 24.63668, 18.99654, 10.69204, 5.15571, 4.42907]","[2, 2, 2, 2, 3, 3, 3, 3, 3, 3, 4, 4, 4, 5, 7]","[287.4709, 219.5665, 200.6724, 353.9174, 231.2087, 209.2173, 323.849, 199.4243, 204.418, 183.4185, 221.58, 181.71, 185.2511, 179.1809, 175.7854]","['nc', 'organelle_far', 'organelle_far', 'organelle_far', 'organelle_far', 'organelle_far', 'organelle_far', 'organelle_far', 'organelle_far', 'organelle_far', 'organelle_far', 'organelle_far', 'nc', 'organelle_far', 'organelle_far']",0.0,0.8666666666666667,0.13333333333333333,0.8666666666666667,30.358233529411763
