Cell #,Total mRNA per Cell,Total Colocolized With Organelle Near,Total Colocolized With Organelle Far,Total Not Colocolized with Organelle,Organelle Signal Coverage Of Cell List,mRNAs z coords,mRNAs intensities,mRNAs status
15,6,0,0,6,"[0.1454, 0.0, 0.03635, 0.50891, 0.10905, 0.10905, 0.25445, 0.18175, 0.10905, 0.10905, 0.3635, 0.47256, 0.2908, 0.58161, 1.16321, 1.09051, 1.59942]","[3, 3, 3, 3, 3, 3]","[197.9961, 222.3629, 205.0628, 206.2192, 210.45, 176.7716]","['nc', 'nc', 'nc', 'nc', 'nc', 'nc']"
23,9,0,7,2,"[40.72937, 42.34165, 45.71977, 50.13436, 49.71209, 52.5144, 52.74472, 52.13052, 52.28407, 51.90019, 53.66603, 47.25528, 41.07486, 37.1977, 32.89827, 23.49328, 18.34933]","[2, 2, 2, 3, 3, 3, 4, 4, 4]","[200.7019, 197.6367, 203.9662, 188.6779, 185.3398, 339.2368, 197.9341, 183.2457, 191.24]","['organelle_far', 'organelle_far', 'organelle_far', 'nc', 'organelle_far', 'organelle_far', 'organelle_far', 'organelle_far', 'nc']"
27,3,0,1,2,"[6.47139, 16.96185, 31.06267, 35.9673, 35.9673, 34.87738, 32.49319, 29.90463, 29.22343, 27.17984, 25.47684, 24.45504, 16.34877, 11.23978, 5.44959, 2.58856, 2.7248]","[3, 3, 5]","[182.2821, 174.4066, 173.9342]","['nc', 'nc', 'organelle_far']"
37,6,0,0,6,"[0.14313, 0.04771, 0.90649, 1.4313, 1.09733, 1.14504, 0.33397, 0.57252, 0.90649, 1.14504, 0.81107, 0.0, 0.04771, 0.38168, 0.76336, 0.90649, 1.09733]","[2, 2, 3, 4, 4, 5]","[207.3596, 230.3658, 258.286, 178.8304, 185.4694, 151.494]","['nc', 'nc', 'nc', 'nc', 'nc', 'nc']"
44,15,0,13,2,"[15.50173, 22.94118, 35.81315, 38.99654, 35.67474, 38.4083, 45.67474, 51.90311, 50.76125, 45.67474, 38.06228, 32.76817, 24.63668, 18.99654, 10.69204, 5.15571, 4.42907]","[2, 2, 2, 2, 3, 3, 3, 3, 3, 3, 4, 4, 4, 5, 7]","[287.4709, 219.5665, 200.6724, 353.9174, 231.2087, 209.2173, 323.849, 199.4243, 204.418, 183.4185, 221.58, 181.71, 185.2511, 179.1809, 175.7854]","['nc', 'organelle_far', 'organelle_far', 'organelle_far', 'organelle_far', 'organelle_far', 'organelle_far', 'organelle_far', 'organelle_far', 'organelle_far', 'organelle_far', 'organelle_far', 'nc', 'organelle_far', 'organelle_far']"
