Cell #,Total mRNA per Cell,Total Colocolized With Organelle Near,Total Colocolized With Organelle Far,Total Not Colocolized with Organelle,Organelle Signal Coverage Of Cell List,mRNAs z coords,mRNAs intensities,mRNAs status,nER Colocalization Ratio,cER Colocalization Ration,Not Colocalized Ratio,Total Colocolized Ratio,Average Organelle Coverage
33,3,0,1,2,"[22.43194, 28.82033, 31.43376, 37.49546, 39.74592, 40.0363, 41.27042, 41.74229, 41.16152, 41.63339, 40.50817, 41.5971, 43.59347, 43.37568, 40.76225, 37.74955, 34.33757]","[5, 6, 7]","[168.6498, 206.8124, 182.2567]","['organelle_far', 'nc', 'nc']",0.0,0.3333333333333333,0.6666666666666666,0.33333333333333337,41.568059
34,2,0,2,0,"[13.95683, 15.35971, 18.20144, 27.55396, 33.09353, 36.76259, 40.0, 42.8777, 43.81295, 42.6259, 42.01439, 39.38849, 32.3741, 29.17266, 28.45324, 24.56835, 19.92806]","[8, 9]","[193.1479, 187.085]","['organelle_far', 'organelle_far']",0.0,1.0,0.0,1.0,42.266188
36,5,0,4,1,"[24.17502, 29.13713, 27.71938, 35.49254, 39.37912, 44.61012, 45.22122, 47.73894, 43.0946, 42.16573, 41.16353, 40.35688, 41.50574, 42.01907, 43.92569, 42.72794, 39.13469]","[5, 5, 6, 6, 6]","[163.6029, 195.0117, 172.3428, 221.4454, 165.8855]","['nc', 'organelle_far', 'organelle_far', 'organelle_far', 'organelle_far']",0.0,0.8,0.2,0.8,43.139041818181816
